hr_fact_id,date,employee_key,department_key,job_key,location_key,salary,attrition_flag
1,2022-11-22,1,16,804,907,32177,0
2,2024-04-10,1,31,804,906,34960,0
3,2021-04-29,1,13,809,903,40601,0
4,2022-11-10,2,18,812,904,32584,0
5,2022-12-11,2,29,809,906,36289,0
6,2022-09-25,2,12,807,902,37334,0
7,2018-11-09,3,17,807,907,36593,0
8,2021-12-04,3,35,805,902,41493,0
9,2020-01-01,4,21,805,907,70259,0
10,2019-10-12,4,17,806,907,72411,0
11,2023-09-03,4,14,803,905,77421,0
12,2024-08-27,4,14,810,904,75896,0
13,2023-02-12,4,10,807,900,81339,0
14,2018-04-19,5,29,806,906,53800,0
15,2023-10-26,5,25,805,902,57211,0
16,2019-12-19,5,15,804,904,56002,0
17,2018-04-11,5,14,801,904,59113,0
18,2021-11-05,5,19,807,902,67548,0
19,2022-12-29,6,29,801,907,59078,0
20,2022-12-28,6,38,809,903,62949,0
21,2018-12-07,6,40,812,903,67008,0
22,2020-08-25,6,39,809,904,68546,0
23,2022-05-14,7,12,810,901,38018,0
24,2024-05-06,7,18,800,902,42467,0
25,2018-09-24,7,27,804,903,43682,0
26,2023-12-03,7,38,806,901,43628,1
27,2023-05-22,8,20,804,907,35097,0
28,2024-02-22,8,12,801,904,38330,0
29,2021-05-07,8,32,810,907,42005,1
30,2020-07-30,9,17,806,902,49961,0
31,2023-10-17,9,27,806,903,54949,0
32,2020-10-07,9,11,807,906,59625,0
33,2022-03-24,9,38,807,907,58688,0
34,2023-02-17,10,15,808,903,44432,0
35,2023-08-06,10,31,807,905,46184,0
36,2023-04-26,10,12,805,906,51164,0
37,2019-12-30,10,21,804,900,52418,0
38,2020-01-03,11,23,803,903,57289,0
39,2021-03-22,11,39,809,907,58501,0
40,2023-04-01,11,36,800,902,63485,0
41,2020-07-04,11,34,809,902,68176,0
42,2018-08-24,12,29,802,907,38589,0
43,2020-04-12,12,13,806,905,42485,0
44,2020-10-02,12,34,807,906,47249,1
45,2021-02-26,13,27,800,905,29794,0
46,2021-10-17,13,20,805,907,32848,0
47,2022-03-10,14,24,803,900,70214,0
48,2022-01-13,15,12,800,902,34804,0
49,2019-12-29,16,20,806,900,46019,0
50,2024-02-29,16,33,810,903,47858,0
51,2019-08-04,16,39,803,902,54811,0
52,2022-09-21,16,30,807,904,51374,0
53,2019-10-19,16,34,809,908,51211,0
54,2018-04-22,17,32,807,901,37564,0
55,2018-07-25,17,18,811,901,38910,0
56,2021-02-15,17,31,808,902,41936,0
57,2022-10-17,17,20,811,906,40951,0
58,2018-11-20,17,39,803,905,53576,0
59,2022-06-04,18,36,802,901,38379,0
60,2022-01-10,18,10,804,900,41282,0
61,2019-04-04,18,39,801,908,47867,0
62,2020-08-16,19,17,801,903,35696,0
63,2021-01-01,19,25,804,908,39022,0
64,2019-04-14,19,13,803,901,40866,0
65,2024-04-29,20,14,803,907,57231,0
66,2023-01-10,20,28,800,907,59612,0
67,2024-06-19,21,13,810,903,30524,0
68,2023-01-25,21,18,810,908,33904,0
69,2018-10-07,21,14,805,902,38658,0
70,2023-01-07,21,29,806,906,40739,0
71,2018-03-25,22,20,808,906,50294,0
72,2022-09-25,23,36,805,903,50607,0
73,2023-04-18,23,37,808,904,52096,0
74,2023-11-12,24,39,812,900,50746,0
75,2019-05-31,25,34,802,908,55584,0
76,2018-03-09,25,30,804,901,58297,0
77,2019-10-16,25,10,810,907,62258,0
78,2021-02-01,26,30,805,903,64585,0
79,2019-06-25,26,37,800,902,67814,0
80,2023-05-14,26,18,805,905,70209,0
81,2024-07-23,26,15,810,902,69460,0
82,2019-08-30,26,19,807,904,80053,0
83,2023-12-10,27,19,804,905,52879,0
84,2020-05-18,27,33,803,906,57765,0
85,2022-03-21,27,35,806,907,59553,0
86,2022-09-30,27,24,812,905,60472,0
87,2022-08-14,28,23,812,904,41833,0
88,2023-09-18,28,27,811,907,44182,0
89,2019-09-21,29,30,810,903,44996,0
90,2024-01-14,29,15,804,900,49021,0
91,2020-12-28,29,30,809,904,50988,0
92,2023-09-27,29,25,800,904,58184,0
93,2020-09-16,30,22,812,905,51173,0
94,2020-11-06,30,21,803,901,54806,0
95,2022-04-05,30,29,802,908,53707,0
96,2023-08-16,31,17,803,906,50685,0
97,2020-10-26,31,39,810,907,54498,0
98,2019-07-14,32,22,802,905,60343,0
99,2024-04-14,33,19,807,905,42930,0
100,2020-01-10,33,30,810,908,44265,0
101,2018-09-02,33,10,812,906,49158,0
102,2019-12-24,33,37,801,902,56613,0
103,2018-06-04,33,27,810,906,57810,0
104,2024-08-23,34,19,807,901,53671,0
105,2024-04-25,35,40,801,905,55916,0
106,2018-03-24,36,23,810,902,51796,0
107,2022-01-11,36,35,805,908,53931,0
108,2022-07-05,36,15,807,908,60482,0
109,2021-07-31,37,22,809,901,29306,0
110,2021-04-01,38,24,801,905,50292,0
111,2018-04-26,39,14,806,901,57746,0
112,2021-10-31,39,24,801,900,59746,0
113,2021-12-17,39,27,800,900,66690,0
114,2024-06-12,39,40,807,905,61412,0
115,2022-11-28,40,31,811,908,68142,0
116,2020-02-10,40,27,804,905,69722,0
117,2023-11-16,40,26,809,908,75316,0
118,2019-06-15,40,19,801,907,74631,0
119,2021-07-09,41,37,800,908,74602,0
120,2024-09-16,41,24,806,908,77463,0
121,2020-09-28,41,28,802,904,81992,0
122,2020-08-22,41,19,805,907,79864,0
123,2022-10-26,42,16,806,900,31811,0
124,2024-07-05,42,38,800,903,36479,0
125,2020-12-24,43,11,810,901,51957,0
126,2023-04-29,43,25,800,900,55978,0
127,2020-07-13,43,37,800,906,61459,0
128,2022-03-02,43,26,808,908,62205,0
129,2022-05-11,43,21,804,901,57909,0
130,2018-08-18,44,28,806,905,59226,0
131,2020-02-22,44,12,807,906,63280,0
132,2020-04-25,44,40,812,908,66486,0
133,2020-09-15,44,38,804,904,63696,0
134,2020-03-31,44,10,806,900,67838,0
135,2023-03-30,45,38,804,902,56262,0
136,2023-06-25,45,23,802,904,58142,0
137,2024-01-25,45,20,803,903,64406,1
138,2020-10-21,46,26,812,906,51397,0
139,2020-07-19,46,21,806,904,53868,0
140,2023-12-13,46,30,806,902,60525,0
141,2021-05-17,46,31,812,903,56518,0
142,2024-03-14,47,16,804,900,70570,0
143,2023-12-23,47,30,800,907,73518,0
144,2024-01-15,48,17,808,905,29134,0
145,2024-03-18,48,14,804,900,33746,0
146,2024-04-29,48,26,805,900,32886,0
147,2019-01-29,48,26,800,902,41782,0
148,2019-07-18,48,34,804,901,41418,0
149,2022-08-07,49,26,810,902,38032,0
150,2018-03-17,49,29,806,902,42190,0
151,2023-03-04,49,15,804,906,43190,0
152,2019-12-26,49,20,809,900,44806,0
153,2022-12-02,50,28,812,902,29696,0
154,2022-11-26,50,13,806,900,31120,0
155,2022-02-25,50,31,800,900,38644,0
156,2021-10-29,51,10,810,907,39578,0
157,2021-04-18,51,35,808,906,43080,0
158,2022-11-06,52,33,812,900,51020,0
159,2022-03-27,52,13,807,903,55863,0
160,2019-06-05,53,29,809,904,28727,0
161,2019-12-10,53,34,811,900,30470,0
162,2020-02-23,54,31,802,908,50610,0
163,2019-04-11,54,20,810,900,53411,0
164,2022-09-03,54,10,811,908,56230,1
165,2022-12-25,55,18,812,904,63181,0
166,2021-10-12,55,22,805,907,64740,0
167,2023-08-13,55,15,807,900,65309,0
168,2023-07-06,55,17,801,903,73180,0
169,2020-09-02,55,28,806,900,75617,0
170,2022-09-03,56,16,803,908,55643,0
171,2022-09-28,56,24,803,903,59573,0
172,2018-09-09,56,22,800,905,64433,0
173,2019-12-05,56,13,808,900,68747,0
174,2019-05-16,56,39,803,904,72575,0
175,2021-05-04,57,26,808,906,30534,0
176,2022-06-03,57,10,810,900,32744,0
177,2021-10-27,58,16,807,908,61390,0
178,2020-01-14,58,31,807,901,65786,0
179,2022-11-05,58,23,808,905,64838,0
180,2021-01-12,58,24,803,901,69361,0
181,2023-01-10,59,18,812,906,55847,0
182,2024-10-10,59,15,801,904,60375,0
183,2019-05-04,59,40,807,902,58689,0
184,2024-05-09,59,31,805,908,65507,0
185,2021-11-25,60,28,811,903,65282,0
186,2020-12-08,60,13,801,905,67248,0
187,2021-10-16,60,30,802,905,73102,0
188,2022-02-16,60,27,804,901,73622,0
189,2024-07-09,60,10,800,901,72594,0
190,2021-06-23,61,27,809,901,43795,0
191,2020-02-06,62,20,809,904,54903,0
192,2019-03-05,63,18,804,902,50657,0
193,2020-07-01,63,25,812,900,55465,0
194,2018-08-23,63,34,811,907,54809,0
195,2024-04-25,63,38,805,904,55445,0
196,2024-11-01,64,18,811,905,28940,0
197,2018-10-03,64,21,803,903,30881,0
198,2020-03-10,65,12,805,907,47848,0
199,2022-07-21,65,11,800,900,52742,0
200,2021-03-17,65,29,807,904,51176,0
201,2024-08-19,66,11,805,907,56384,0
202,2021-01-03,67,33,800,902,61581,0
203,2022-09-27,67,27,802,908,64323,0
204,2018-05-25,68,32,805,902,45360,0
205,2023-05-31,68,13,800,904,47791,0
206,2019-02-14,68,14,807,904,50526,0
207,2019-02-19,69,35,806,904,56001,0
208,2023-03-22,69,35,802,903,59607,0
209,2021-08-09,69,34,802,906,61341,0
210,2022-02-16,69,20,806,903,66168,0
211,2024-06-17,70,20,800,907,54596,1
212,2021-06-13,71,13,807,902,54727,0
213,2018-02-01,71,37,810,900,57362,0
214,2022-02-04,71,22,811,904,61501,0
215,2019-10-06,72,32,809,900,65909,0
216,2021-08-07,72,13,805,905,69194,0
217,2019-06-21,72,38,804,908,75231,0
218,2020-01-28,72,38,808,901,78380,0
219,2020-03-27,73,13,802,903,37004,0
220,2018-09-28,74,37,806,907,31134,0
221,2019-10-22,74,13,803,904,34969,0
222,2018-09-19,75,40,805,903,64129,0
223,2020-10-04,75,29,807,908,67918,0
224,2018-10-05,75,25,803,906,66411,0
225,2022-10-16,76,32,809,908,40013,0
226,2021-06-28,76,28,802,901,43463,0
227,2022-01-14,76,18,812,900,43223,0
228,2018-03-16,76,12,808,908,50384,0
229,2023-01-25,77,30,800,904,46017,0
230,2022-01-08,77,11,805,905,49056,0
231,2023-11-24,78,29,806,904,67837,0
232,2021-10-17,79,16,808,905,29666,0
233,2019-03-17,80,37,802,908,58456,0
234,2022-07-29,80,39,807,905,62020,0
235,2023-01-18,80,32,804,905,64922,0
236,2024-08-08,80,31,812,905,62797,0
237,2019-10-26,81,21,807,905,33095,0
238,2020-03-19,81,24,801,905,34439,0
239,2022-05-22,82,17,806,904,29612,0
240,2023-03-09,82,36,810,903,31124,0
241,2023-07-02,82,39,800,907,38314,0
242,2018-11-14,82,23,801,901,41951,0
243,2021-04-18,82,12,800,902,45040,0
244,2020-05-13,83,13,800,900,38580,0
245,2022-01-08,83,33,803,905,42649,0
246,2023-11-06,83,36,801,900,43106,0
247,2020-03-19,83,12,812,906,46302,0
248,2018-07-05,84,27,804,908,41480,0
249,2022-10-03,84,27,803,904,44367,0
250,2020-06-19,84,40,806,902,48406,0
251,2021-10-26,85,18,807,908,35623,0
252,2018-08-19,85,21,807,904,39538,0
253,2024-03-22,85,11,810,905,40139,0
254,2020-10-20,85,35,800,907,44290,0
255,2020-09-06,86,31,806,900,39500,0
256,2021-08-14,86,13,804,900,40550,0
257,2021-05-10,87,20,806,907,68297,0
258,2023-05-09,88,11,800,908,51125,0
259,2019-10-10,88,22,812,903,52807,1
260,2019-12-02,89,24,804,903,49377,0
261,2021-01-14,89,28,800,905,53844,0
262,2018-12-03,89,23,803,903,55701,0
263,2020-07-02,89,26,801,904,54348,0
264,2019-04-17,90,21,809,907,36885,0
265,2018-02-20,91,36,800,907,61199,0
266,2022-02-05,91,30,805,902,66099,0
267,2020-11-13,92,16,805,906,60047,0
268,2024-07-06,92,11,810,908,61634,0
269,2020-02-16,92,39,808,907,63355,0
270,2022-05-29,93,32,806,901,74028,0
271,2023-12-24,93,28,800,904,78875,0
272,2021-04-29,93,30,806,908,82126,0
273,2022-09-23,93,32,807,904,86322,0
274,2023-06-08,94,33,811,903,63340,0
275,2023-01-07,94,29,804,908,66036,0
276,2019-04-02,94,15,807,903,72462,0
277,2023-05-20,95,12,800,901,37369,0
278,2021-01-25,95,32,812,908,42078,0
279,2022-10-06,95,31,802,904,44445,0
280,2022-11-17,95,24,811,903,40570,0
281,2020-11-07,96,10,811,906,38002,0
282,2019-01-07,96,19,807,907,39600,0
283,2021-12-04,97,40,806,900,67432,0
284,2018-09-14,97,18,810,907,70193,0
285,2022-08-24,97,16,803,908,70758,0
286,2022-04-06,97,27,805,908,82387,0
287,2023-10-08,97,23,809,903,82316,0
288,2023-06-13,98,24,812,908,73502,0
289,2023-07-08,99,36,809,903,51394,0
290,2021-08-22,99,38,808,903,56022,0
291,2019-04-26,99,14,807,900,55100,0
292,2022-12-30,100,13,805,901,44002,0
293,2020-08-24,100,37,811,908,48252,0
294,2019-05-03,100,28,812,901,51714,0
295,2020-02-19,100,30,807,908,49285,0
296,2021-05-01,101,13,809,907,68651,0
297,2021-02-14,101,21,805,900,70484,0
298,2022-09-29,102,36,811,906,73263,0
299,2024-10-11,102,31,801,901,77865,0
300,2019-08-24,103,34,812,908,43953,0
301,2022-04-19,104,29,810,900,38443,0
302,2021-10-11,104,38,803,905,43060,0
303,2021-11-26,104,10,805,906,48093,0
304,2020-10-16,104,18,803,905,48412,0
305,2019-01-02,105,31,811,908,65698,1
306,2023-05-07,106,12,809,905,45866,0
307,2018-03-14,107,37,810,900,37613,0
308,2018-10-22,107,36,804,902,40565,0
309,2020-05-24,107,32,803,905,40923,0
310,2021-08-20,108,13,811,902,57162,0
311,2024-05-18,108,15,801,903,58728,0
312,2023-06-22,108,31,804,908,65766,0
313,2020-10-04,108,27,806,907,60417,1
314,2021-03-12,109,38,806,901,59010,0
315,2021-01-27,110,33,805,902,39691,0
316,2021-04-04,110,22,808,904,42770,0
317,2023-09-29,110,37,810,904,49425,0
318,2022-06-04,111,26,800,907,54215,0
319,2020-06-16,111,38,812,903,58157,0
320,2024-10-23,111,19,809,901,58817,0
321,2023-10-05,112,31,800,907,43891,0
322,2023-12-23,112,38,801,903,48356,0
323,2021-12-23,112,22,808,903,46049,0
324,2018-04-18,112,27,803,908,58807,0
325,2023-07-14,112,40,802,900,61911,1
326,2018-07-19,113,18,809,900,46490,0
327,2022-01-19,113,30,805,905,50859,0
328,2022-02-02,113,16,811,904,55862,0
329,2019-01-10,114,32,810,906,33838,0
330,2018-05-24,114,31,803,904,37265,0
331,2020-09-03,114,24,809,908,41888,0
332,2023-12-05,114,38,802,902,45484,0
333,2023-09-04,114,27,806,906,38230,0
334,2018-06-06,115,18,802,907,58821,0
335,2019-09-16,115,14,800,904,63663,0
336,2019-06-01,115,28,803,902,62459,0
337,2021-03-05,115,30,802,900,72240,0
338,2023-03-05,115,25,809,906,69521,0
339,2020-12-13,116,14,812,901,28156,0
340,2020-04-16,116,12,803,902,31940,0
341,2022-01-06,116,27,805,906,37936,0
342,2020-03-29,117,27,801,902,31411,0
343,2019-03-11,117,33,810,902,33199,0
344,2023-05-16,117,22,800,903,35971,0
345,2023-05-15,118,31,810,907,33175,0
346,2023-12-11,118,39,809,908,36275,0
347,2021-08-27,118,37,809,902,41349,0
348,2020-12-17,118,10,812,900,45355,1
349,2021-10-27,119,39,807,906,64271,0
350,2023-11-17,119,34,811,906,67126,0
351,2020-03-26,120,14,808,907,58889,0
352,2022-12-17,121,32,802,900,43378,0
353,2021-08-02,121,31,801,907,44578,0
354,2024-07-27,121,34,801,908,46306,0
355,2023-06-09,121,25,805,903,47842,0
356,2022-04-28,122,31,809,901,61131,0
357,2024-03-12,122,11,804,906,66044,0
358,2019-03-12,123,16,805,904,58123,0
359,2023-08-17,123,19,808,903,62303,0
360,2021-01-10,124,13,809,908,48141,0
361,2023-05-02,124,39,805,905,51342,0
362,2022-11-16,124,34,806,900,50145,0
363,2024-07-18,124,13,810,901,62742,0
364,2019-02-26,124,13,812,907,52165,1
365,2021-07-20,125,12,803,904,38091,0
366,2024-05-23,125,28,808,901,41173,0
367,2019-05-28,125,10,811,902,41853,0
368,2021-12-30,125,18,802,907,47745,0
369,2023-10-29,126,18,803,903,36564,0
370,2023-09-21,126,32,807,900,41078,0
371,2020-07-22,126,20,800,906,39072,0
372,2019-07-20,126,33,808,902,40161,1
373,2021-08-19,127,37,805,904,53455,0
374,2021-01-13,127,13,808,904,57445,0
375,2019-09-06,127,40,812,905,61715,0
376,2022-10-19,127,19,808,902,58177,0
377,2023-07-14,127,28,810,902,70791,0
378,2022-01-27,128,22,806,904,47957,0
379,2023-06-03,128,23,803,904,49348,0
380,2020-02-25,128,12,808,906,53033,0
381,2024-03-06,129,34,804,904,71875,0
382,2021-08-05,129,21,800,901,75972,0
383,2023-09-16,130,25,800,907,48438,0
384,2023-11-22,130,33,803,901,51180,0
385,2019-11-02,130,12,803,906,56262,0
386,2023-03-06,130,28,807,901,62121,0
387,2019-11-30,130,28,805,905,62206,0
388,2022-12-17,131,33,807,904,49737,0
389,2023-04-25,131,15,806,908,54201,0
390,2022-05-27,131,25,808,903,54499,0
391,2021-08-02,132,11,801,902,71874,0
392,2019-04-20,133,36,800,903,65567,0
393,2024-08-28,133,25,805,905,69947,0
394,2020-01-10,133,40,811,904,74665,0
395,2020-04-20,133,26,804,905,77885,1
396,2024-09-27,134,38,802,901,31596,0
397,2020-10-03,134,32,804,901,33857,0
398,2022-03-18,134,14,812,904,36570,0
399,2024-03-25,135,14,803,901,63137,0
400,2022-11-07,135,16,802,907,65389,0
401,2018-05-07,136,11,805,903,44389,0
402,2022-05-16,136,25,807,903,46779,0
403,2023-06-02,136,10,806,904,53017,1
404,2021-09-06,137,10,807,904,68753,0
405,2019-03-13,137,23,811,900,73500,0
406,2022-06-24,137,25,804,904,75509,0
407,2020-06-11,138,13,812,902,66397,0
408,2018-07-27,138,10,811,906,67438,0
409,2023-07-31,138,25,800,902,70869,0
410,2019-06-16,138,27,804,903,78955,0
411,2021-02-01,138,33,806,901,80681,0
412,2020-12-25,139,26,801,902,60606,0
413,2018-11-10,140,30,804,901,32181,0
414,2020-04-29,140,33,807,905,36667,0
415,2021-10-12,141,19,803,903,65322,1
416,2023-02-15,142,34,812,903,31356,0
417,2024-03-17,142,34,810,900,32538,0
418,2024-07-26,143,22,805,902,59279,0
419,2023-07-19,143,18,812,900,61963,0
420,2022-09-07,143,10,811,900,65015,0
421,2023-05-27,143,26,806,907,70586,0
422,2020-06-28,144,38,804,900,50943,0
423,2020-01-26,144,19,807,901,54001,0
424,2020-01-27,144,35,801,906,57111,0
425,2021-11-29,144,23,801,906,63468,1
426,2019-01-09,145,12,805,906,68018,0
427,2022-09-26,146,38,808,905,43324,0
428,2023-03-13,147,33,805,905,60229,0
429,2022-02-23,147,15,812,904,64759,0
430,2018-11-02,147,28,802,906,62357,0
431,2023-01-26,148,14,804,903,63058,0
432,2021-04-18,148,20,805,905,64144,0
433,2023-06-09,148,14,811,904,69084,0
434,2020-08-13,148,37,803,908,68680,0
435,2024-04-18,149,35,803,903,31850,0
436,2018-09-02,150,35,806,905,68149,0
437,2022-04-05,150,31,801,905,72437,0
438,2019-01-09,150,27,807,902,74955,0
439,2023-09-15,150,14,806,901,80722,0
440,2024-08-23,150,20,803,902,79133,0
441,2019-09-07,151,27,804,905,69740,0
442,2019-12-27,152,27,807,900,45899,0
443,2021-09-09,152,29,805,906,50005,0
444,2019-12-28,152,31,803,908,55405,0
445,2021-07-27,152,10,804,903,50822,0
446,2021-11-29,152,40,803,908,57323,0
447,2020-12-22,153,14,802,900,29293,0
448,2018-06-02,153,31,800,908,31507,0
449,2024-07-07,153,37,801,904,36841,0
450,2021-10-25,153,20,807,906,35458,0
451,2021-01-29,154,40,802,906,38817,0
452,2020-05-13,154,11,801,904,40969,0
453,2021-02-22,154,18,807,904,48715,0
454,2021-02-13,154,25,805,901,52677,1
455,2021-04-21,155,11,804,902,39188,0
456,2022-06-18,155,15,808,905,43708,0
457,2018-03-12,155,16,808,904,42760,0
458,2019-01-24,155,21,808,905,43478,0
459,2019-07-05,156,38,805,900,30042,0
460,2020-05-07,156,18,807,903,32300,0
461,2020-11-17,156,17,806,900,34394,0
462,2022-09-21,156,35,803,905,36111,0
463,2020-08-22,156,34,808,904,42126,0
464,2022-01-08,157,20,806,906,71393,0
465,2021-01-18,157,11,805,908,73816,0
466,2020-10-16,157,15,807,903,77695,0
467,2018-10-12,157,33,802,901,79202,0
468,2019-06-24,158,24,812,903,45600,0
469,2018-02-01,158,24,810,908,47996,0
470,2018-01-19,158,39,805,906,48790,0
471,2021-09-18,158,22,802,903,54990,0
472,2018-08-07,159,23,807,905,42483,0
473,2020-02-06,160,20,812,904,44711,0
474,2019-01-02,160,37,811,903,46887,0
475,2021-01-17,160,40,807,902,53755,0
476,2023-05-02,161,21,807,902,50786,0
477,2022-12-08,161,24,802,901,54824,0
478,2020-05-24,161,32,812,905,56426,0
479,2021-08-24,162,15,802,908,53403,0
480,2021-11-07,162,20,805,902,58248,0
481,2021-08-19,162,25,805,907,57219,0
482,2018-04-25,162,13,810,908,67914,0
483,2022-03-28,162,35,808,902,72499,0
484,2021-07-29,163,35,804,905,39117,0
485,2024-04-26,163,36,801,906,41682,0
486,2021-06-18,163,38,808,903,48573,0
487,2022-11-16,163,38,803,900,51039,0
488,2020-01-20,163,25,812,903,47393,0
489,2019-03-08,164,18,808,907,66609,0
490,2020-07-30,164,21,808,905,71466,0
491,2022-11-27,164,39,809,901,69113,0
492,2019-08-01,165,11,808,903,61882,0
493,2020-07-13,165,25,805,908,63692,0
494,2023-09-29,166,23,805,901,46933,0
495,2024-10-21,166,24,806,904,50192,0
496,2023-06-25,167,40,808,906,31809,0
497,2018-12-14,167,20,804,905,34016,0
498,2022-08-16,167,12,802,904,41463,0
499,2023-07-28,167,36,803,906,41805,0
500,2019-09-25,168,31,807,901,34021,0
501,2022-06-15,168,17,808,908,35418,0
502,2023-08-04,168,22,811,906,36197,0
503,2018-01-15,168,35,806,900,39880,0
504,2020-03-22,169,32,800,907,70382,0
505,2021-11-09,169,35,803,906,73715,0
506,2022-06-02,169,11,810,908,77632,0
507,2022-07-21,169,23,803,900,78695,0
508,2018-08-17,170,23,812,900,61960,0
509,2018-10-14,171,29,804,905,74809,0
510,2022-07-26,171,24,808,905,79196,1
511,2019-09-29,172,24,811,904,28522,0
512,2018-02-17,172,29,800,906,32758,0
513,2021-08-30,172,17,809,903,36818,0
514,2022-01-08,172,37,802,908,40933,0
515,2018-06-05,173,35,810,901,47471,0
516,2019-02-22,173,25,808,902,50740,0
517,2022-04-04,173,17,803,908,56895,0
518,2021-01-21,173,13,807,901,50534,0
519,2020-02-16,173,30,807,903,57283,0
520,2023-02-12,174,36,812,900,71493,0
521,2021-11-15,175,17,805,901,68713,0
522,2021-06-13,175,18,800,906,71960,0
523,2021-07-27,175,15,800,902,78589,0
524,2024-07-09,176,29,806,900,60988,0
525,2023-09-30,176,14,809,908,63802,0
526,2021-10-12,176,34,809,908,67160,0
527,2022-10-29,177,40,810,905,67023,0
528,2023-09-14,178,23,806,906,59059,0
529,2018-12-24,179,37,809,906,61819,0
530,2018-02-09,179,40,810,902,64136,0
531,2020-05-24,179,38,802,906,68209,0
532,2020-05-07,179,28,807,904,74404,0
533,2018-05-21,179,31,808,900,77803,0
534,2018-05-11,180,10,807,907,40075,0
535,2018-01-27,180,30,809,903,42525,0
536,2018-12-04,180,19,808,906,49557,0
537,2020-02-07,180,32,801,905,52612,0
538,2018-12-12,181,23,801,902,32163,0
539,2023-01-27,181,14,802,906,33308,0
540,2024-07-15,182,35,807,900,36439,0
541,2022-02-13,183,20,811,905,63020,0
542,2020-05-02,184,29,809,908,66772,0
543,2023-06-01,184,35,810,903,68323,0
544,2024-08-18,184,33,801,904,74808,0
545,2018-09-27,184,14,810,908,74434,0
546,2021-02-01,185,18,808,903,46123,0
547,2023-01-19,185,12,800,907,50373,0
548,2022-12-06,185,27,807,908,50203,0
549,2020-07-03,185,25,806,908,53929,0
550,2019-04-11,186,18,810,906,72830,0
551,2022-03-28,187,21,800,903,39480,0
552,2023-02-16,188,29,812,907,62192,0
553,2018-03-16,188,21,809,907,63632,0
554,2023-02-28,188,19,802,906,66144,0
555,2018-06-23,188,35,809,907,68582,0
556,2022-03-31,189,36,801,902,60524,0
557,2020-03-20,189,10,804,901,62975,0
558,2023-01-12,189,38,807,902,64182,0
559,2023-07-28,189,26,801,908,74831,0
560,2020-12-12,189,11,806,904,72004,0
561,2020-11-12,190,25,800,907,30824,0
562,2018-07-03,190,13,805,907,33482,1
563,2024-09-29,191,16,800,904,60542,0
564,2019-02-08,191,31,806,904,62226,0
565,2022-07-06,192,26,802,904,30412,0
566,2022-01-06,192,37,803,905,34442,0
567,2019-10-21,192,17,805,905,34588,0
568,2022-05-02,192,33,801,904,35836,0
569,2019-08-04,192,11,807,900,36824,0
570,2019-01-19,193,12,812,905,51416,0
571,2019-04-25,193,33,803,905,53329,0
572,2019-05-11,193,26,804,900,55038,0
573,2023-04-16,193,29,803,906,57830,0
574,2019-10-12,193,28,803,902,56816,0
575,2019-12-14,194,17,805,900,73887,0
576,2023-09-16,194,21,810,902,76352,0
577,2023-07-31,194,17,802,905,78191,0
578,2023-09-20,194,36,810,905,78729,0
579,2024-02-09,195,14,808,904,45855,0
580,2021-03-17,196,24,807,908,71286,0
581,2020-11-30,196,27,806,907,72597,0
582,2022-04-01,196,11,807,904,77894,0
583,2022-05-13,197,33,809,901,49708,0
584,2023-03-28,197,40,808,906,54335,0
585,2018-04-20,197,35,804,901,54280,0
586,2024-09-24,197,32,810,908,57514,0
587,2023-06-19,197,38,812,902,64672,0
588,2021-08-17,198,15,809,908,45881,0
589,2018-05-05,199,10,806,903,37520,0
590,2023-07-27,199,23,810,907,39930,0
591,2023-12-14,200,29,803,908,68559,0
592,2024-10-23,200,12,802,902,71642,0
593,2023-09-10,200,14,800,900,75733,0
594,2021-09-25,200,17,803,903,80937,0
595,2019-07-28,201,21,809,903,29508,0
596,2021-10-21,201,12,804,908,33612,0
597,2021-07-04,202,26,802,904,52418,0
598,2020-09-21,202,26,803,903,55108,0
599,2024-02-25,202,19,806,900,56008,0
600,2023-09-08,202,10,811,902,57908,0
601,2022-01-03,202,17,800,907,65394,0
602,2023-12-22,203,36,802,904,60020,0
603,2022-02-08,203,34,806,908,61405,0
604,2023-02-11,203,39,806,907,69750,0
605,2018-07-13,203,12,811,908,64952,0
606,2018-10-04,203,30,803,902,71324,0
607,2018-05-26,204,40,809,904,53402,0
608,2021-06-06,205,26,805,903,41635,0
609,2024-01-01,205,37,807,904,45010,0
610,2020-04-14,205,20,802,907,47887,0
611,2023-11-24,206,13,807,905,69550,0
612,2018-05-03,206,20,807,905,71334,0
613,2023-01-05,206,26,809,907,78212,0
614,2020-03-23,206,29,803,901,81808,0
615,2023-07-08,207,37,805,900,37772,0
616,2024-06-11,207,25,812,906,40895,0
617,2021-03-21,207,13,812,905,42690,0
618,2022-09-24,207,17,801,901,51479,0
619,2024-01-20,207,38,807,901,44324,0
620,2022-11-06,208,24,809,904,36666,0
621,2019-09-08,208,12,801,904,38958,0
622,2024-08-28,209,35,807,903,60050,0
623,2020-09-01,210,39,800,906,33522,0
624,2024-02-10,210,21,800,905,36518,0
625,2020-10-11,211,33,808,908,34133,0
626,2021-01-01,211,31,809,902,37636,0
627,2024-02-22,211,26,808,900,39129,0
628,2021-04-27,211,37,804,907,39077,0
629,2020-12-06,212,20,800,908,67961,0
630,2018-10-06,212,21,805,900,71309,0
631,2018-05-26,212,36,800,906,72609,0
632,2021-09-06,212,23,805,908,82340,0
633,2020-05-25,213,32,801,908,42972,0
634,2019-08-05,213,25,803,902,44963,0
635,2024-04-16,213,28,806,903,51094,0
636,2021-06-18,213,19,803,900,55140,0
637,2021-09-19,213,30,800,904,56060,0
638,2022-12-06,214,21,805,906,59934,0
639,2018-02-13,214,25,809,905,63420,0
640,2018-04-30,214,30,805,904,66182,0
641,2024-05-01,215,23,804,904,42041,0
642,2024-06-02,215,12,805,908,43191,0
643,2019-06-04,215,32,812,905,47585,0
644,2023-03-01,215,16,801,904,56795,0
645,2023-05-02,215,33,810,903,55649,0
646,2022-02-10,216,28,811,903,49474,0
647,2021-05-16,216,12,807,905,53275,0
648,2022-08-12,216,15,803,903,59094,0
649,2022-10-20,217,20,805,900,68644,0
650,2021-03-17,217,26,808,903,70065,0
651,2021-10-24,217,20,812,902,76976,0
652,2020-10-10,218,29,802,902,29894,0
653,2018-09-14,219,15,802,901,61042,0
654,2018-01-17,220,36,809,902,67330,0
655,2024-09-07,220,12,807,904,69387,0
656,2020-09-12,220,36,805,903,71512,0
657,2019-10-02,220,12,803,901,75946,0
658,2019-04-29,220,27,812,908,83318,1
659,2020-02-02,221,24,806,906,35330,0
660,2022-11-16,222,29,803,905,70157,0
661,2020-01-12,222,29,805,905,72474,0
662,2020-01-22,222,13,812,904,79959,0
663,2019-02-03,223,25,801,906,74199,1
664,2018-04-01,224,16,803,903,37372,0
665,2019-05-31,224,27,804,904,38647,0
666,2019-03-16,225,22,800,903,66388,0
667,2019-02-08,225,37,808,903,69281,0
668,2022-04-14,225,33,800,903,71308,0
669,2024-01-27,225,23,805,903,74266,0
670,2024-09-11,225,31,801,906,73300,0
671,2021-05-30,226,14,803,901,52479,0
672,2018-07-09,227,12,810,905,46417,0
673,2020-09-17,227,27,811,904,51220,0
674,2019-12-05,227,34,807,907,52063,0
675,2022-04-27,227,27,800,901,60286,0
676,2023-09-05,227,35,803,905,60633,0
677,2020-01-29,228,25,808,900,69137,0
678,2018-02-12,228,11,808,904,70333,0
679,2018-04-17,228,21,805,900,76701,0
680,2021-07-06,228,15,804,905,75788,0
681,2020-07-26,228,12,800,900,81173,0
682,2018-02-22,229,29,803,902,65659,0
683,2020-03-27,229,14,800,907,70034,0
684,2020-04-12,229,33,800,904,70457,0
685,2019-03-07,230,29,805,900,60999,0
686,2020-07-31,231,10,807,908,28682,0
687,2024-10-28,231,36,806,905,29850,0
688,2018-02-17,231,18,800,903,37374,0
689,2024-07-25,231,38,804,903,35669,0
690,2019-04-18,232,16,804,905,57178,0
691,2020-11-15,232,20,802,901,60879,0
692,2020-07-16,233,26,807,900,56710,0
693,2022-08-26,233,11,801,903,57720,0
694,2024-02-26,233,12,806,902,62364,0
695,2023-11-18,234,31,806,900,56777,0
696,2022-02-09,235,11,803,904,53923,0
697,2022-05-11,235,19,808,904,56344,0
698,2021-12-16,235,26,807,908,60865,0
699,2020-08-14,235,34,807,907,64078,0
700,2021-05-25,236,17,802,902,56913,0
701,2019-02-12,236,38,801,904,61465,0
702,2018-07-25,236,10,800,907,58929,0
703,2020-11-11,236,35,804,908,71808,0
704,2019-12-25,237,12,809,900,66031,0
705,2024-06-24,237,35,812,901,70388,0
706,2018-11-14,237,35,804,901,73257,0
707,2021-10-17,237,11,806,904,79195,0
708,2022-05-14,237,12,810,906,81303,0
709,2022-07-26,238,16,804,902,30764,0
710,2020-03-22,238,33,807,902,32602,0
711,2020-11-29,238,28,807,901,37292,0
712,2018-12-02,238,33,802,901,44696,0
713,2018-06-29,239,10,807,905,32642,0
714,2024-07-03,239,34,811,902,36857,0
715,2018-05-09,239,25,802,906,41534,0
716,2021-04-06,239,37,801,903,40820,0
717,2021-01-21,239,39,807,907,49154,0
718,2021-11-04,240,14,812,907,40250,0
719,2019-06-27,240,36,805,902,42387,0
720,2024-09-02,240,32,802,908,49728,0
721,2020-03-01,240,14,802,908,53090,0
722,2018-05-23,240,18,812,902,47174,0
723,2022-11-24,241,17,806,901,48033,0
724,2018-02-23,242,11,806,900,30399,0
725,2018-03-01,242,37,806,908,33357,0
726,2020-08-28,243,15,809,901,68658,0
727,2018-06-10,243,26,811,907,73565,0
728,2023-08-01,243,26,803,903,72852,0
729,2018-08-15,243,37,807,906,77805,0
730,2022-12-13,244,39,812,908,52602,0
731,2019-05-29,244,36,803,907,55213,0
732,2019-10-21,244,38,803,906,59350,0
733,2020-07-07,245,28,810,904,32090,0
734,2020-01-08,245,27,811,903,35128,0
735,2020-03-06,245,32,812,908,35202,0
736,2023-03-30,246,23,806,902,44149,0
737,2018-03-08,246,22,811,906,49053,0
738,2021-04-26,246,39,801,908,46199,0
739,2024-05-03,247,29,802,906,54185,0
740,2019-03-10,247,14,800,903,56181,0
741,2018-01-29,247,23,800,906,60869,0
742,2024-06-16,247,37,810,905,66077,0
743,2023-10-26,248,29,812,908,56205,0
744,2019-10-26,248,40,801,900,60949,0
745,2018-10-05,248,19,806,905,64883,0
746,2018-10-05,249,34,811,907,47470,0
747,2019-11-15,249,13,803,900,49823,0
748,2023-08-29,249,40,804,906,49526,0
749,2019-11-08,249,20,807,904,61966,0
750,2021-09-09,250,33,807,905,67673,0
751,2018-03-05,250,31,808,901,71425,0
752,2020-08-16,250,23,801,900,76071,0
753,2023-07-12,251,12,809,908,30950,0
754,2019-05-03,252,36,801,904,51775,0
755,2022-03-11,252,19,803,907,55674,0
756,2020-12-10,252,26,804,903,60827,0
757,2018-10-06,252,34,801,902,60376,0
758,2022-10-26,252,11,806,904,67103,0
759,2019-03-23,253,19,812,901,31981,0
760,2019-05-17,253,27,810,905,34888,0
761,2019-07-26,253,15,810,901,39913,0
762,2021-08-13,253,11,805,904,42883,0
763,2020-03-19,254,30,800,908,34642,0
764,2020-08-22,254,40,803,907,38997,0
765,2019-02-14,254,35,806,900,43730,0
766,2023-10-23,254,32,803,901,48859,0
767,2023-03-05,255,30,810,902,34442,0
768,2019-05-26,255,38,808,903,39404,0
769,2021-10-07,255,22,810,905,39820,0
770,2023-06-06,256,16,805,902,42814,0
771,2018-06-08,257,25,803,901,32891,1
772,2021-05-26,258,16,811,905,45626,0
773,2023-11-15,258,18,807,900,46924,1
774,2019-12-29,259,29,802,905,37752,0
775,2023-02-21,259,22,807,905,40527,0
776,2023-09-24,259,17,805,904,41730,0
777,2021-02-10,259,25,810,905,40911,0
778,2021-11-14,259,14,811,908,46452,0
779,2019-08-12,260,11,811,900,33589,0
780,2021-05-30,260,21,812,904,36167,0
781,2022-05-05,260,19,805,901,38939,0
782,2024-08-31,260,29,811,903,37942,0
783,2019-12-04,260,35,804,901,51973,0
784,2018-09-03,261,32,807,905,59833,0
785,2019-03-20,261,17,804,903,63026,0
786,2022-05-20,262,38,807,907,59729,0
787,2022-09-20,262,15,812,904,63865,0
788,2022-12-03,262,38,810,903,65325,0
789,2021-05-10,262,23,805,901,69398,0
790,2023-04-24,263,34,810,901,66599,0
791,2024-07-16,263,35,811,906,70635,0
792,2023-10-23,263,38,809,905,69629,0
793,2020-09-15,263,23,810,907,77327,1
794,2019-04-23,264,30,803,901,39736,0
795,2018-06-30,264,33,812,900,44617,0
796,2020-03-17,265,25,805,907,67030,0
797,2018-06-07,265,36,811,906,69315,0
798,2020-10-09,265,16,809,904,73814,0
799,2018-04-21,265,23,804,905,75640,0
800,2022-03-16,265,22,809,904,76470,0
801,2023-12-07,266,26,801,906,74184,0
802,2024-06-01,266,24,808,908,77860,0
803,2024-06-07,266,22,806,907,83126,0
804,2024-07-24,267,38,804,901,43387,0
805,2019-01-15,267,36,808,902,45643,0
806,2024-01-23,267,11,811,908,50381,0
807,2020-04-20,267,30,800,904,47074,0
808,2024-08-21,267,39,812,903,47431,0
809,2023-08-24,268,27,806,902,43535,0
810,2018-06-29,268,40,812,903,48181,0
811,2023-11-18,268,17,806,902,51177,0
812,2021-07-04,268,15,802,901,49505,0
813,2018-01-19,268,17,806,901,61239,1
814,2020-05-24,269,23,806,905,43125,0
815,2021-05-05,270,29,800,900,70308,0
816,2024-10-11,270,10,812,902,73031,0
817,2024-07-21,270,11,805,905,74638,0
818,2021-06-09,270,22,810,904,83916,0
819,2018-08-15,271,35,811,902,61305,0
820,2020-07-16,271,35,808,900,63214,0
821,2021-12-28,271,17,803,904,70069,0
822,2021-02-02,271,23,809,908,65646,0
823,2021-08-06,271,18,801,902,70397,0
824,2023-03-03,272,24,802,901,42413,0
825,2023-11-01,273,27,801,908,65088,0
826,2022-12-02,273,11,804,902,69767,0
827,2018-08-07,274,25,807,906,62562,0
828,2023-08-09,274,38,807,902,65947,0
829,2022-08-14,275,16,805,902,67100,0
830,2018-06-26,275,39,803,903,70870,0
831,2021-03-26,276,22,801,903,72116,0
832,2023-09-13,276,22,811,903,76401,0
833,2024-01-16,276,29,808,905,81648,0
834,2018-03-16,276,29,810,900,78773,0
835,2023-07-06,276,15,812,903,79864,0
836,2021-12-29,277,38,810,908,72818,0
837,2022-07-21,277,40,812,905,75693,0
838,2022-12-10,277,15,801,905,75804,0
839,2021-12-11,278,18,805,907,62452,0
840,2020-08-12,278,27,812,906,65069,0
841,2019-04-27,278,13,800,908,64498,1
842,2022-03-26,279,15,810,906,40284,0
843,2019-01-29,280,15,811,904,74553,0
844,2020-09-22,280,17,808,901,78982,0
845,2020-10-05,281,13,809,906,34465,0
846,2018-11-05,281,17,809,903,39046,0
847,2023-06-09,281,12,808,902,41115,0
848,2023-02-03,281,26,808,904,46468,0
849,2020-05-01,281,23,810,902,46813,0
850,2022-04-21,282,32,806,904,41984,0
851,2024-08-11,282,33,809,902,43264,0
852,2023-10-08,283,25,806,903,66476,0
853,2021-03-31,283,34,807,902,69060,0
854,2021-08-06,283,39,812,906,71684,0
855,2023-08-03,283,38,801,906,77249,0
856,2019-09-12,284,17,801,903,64544,0
857,2018-06-17,284,11,804,905,66800,0
858,2024-05-28,285,10,809,902,68913,0
859,2021-07-17,285,31,807,904,70764,0
860,2018-12-13,286,35,801,906,49766,0
861,2019-04-03,286,21,810,904,54313,0
862,2020-11-24,287,18,805,902,41288,0
863,2024-08-17,287,30,802,901,45976,0
864,2020-09-14,288,27,804,902,67270,0
865,2024-06-26,288,17,801,903,69314,0
866,2022-12-04,288,40,803,906,77090,0
867,2021-03-19,289,39,810,903,62521,0
868,2021-10-25,289,29,804,901,64920,0
869,2022-04-27,289,13,804,900,72083,0
870,2024-06-27,289,22,802,907,70117,0
871,2024-07-11,290,39,801,904,28087,0
872,2018-12-28,290,12,801,907,32448,0
873,2021-06-03,290,28,812,902,37549,0
874,2021-07-10,290,24,800,900,34999,0
875,2021-02-22,290,20,805,902,36243,0
876,2020-06-15,291,11,802,901,31613,0
877,2018-04-27,291,31,803,903,35303,0
878,2022-02-22,292,39,809,908,32068,0
879,2018-04-15,292,39,810,901,34757,0
880,2020-04-26,292,34,809,905,34556,0
881,2018-11-13,292,26,800,906,37621,0
882,2018-01-19,293,36,807,906,60852,0
883,2018-11-08,294,39,810,908,40252,0
884,2020-10-31,294,36,800,908,42037,0
885,2021-11-03,294,23,809,905,42302,0
886,2022-10-01,295,26,804,900,47547,0
887,2022-08-31,295,37,802,904,50738,0
888,2019-06-04,296,11,804,908,62072,0
889,2019-09-21,297,23,801,904,33972,0
890,2024-05-01,297,13,811,900,38041,0
891,2023-07-07,298,13,807,905,68582,0
892,2024-08-28,298,30,805,905,73193,0
893,2023-12-27,298,40,810,901,77292,0
894,2024-02-29,299,24,800,900,39125,0
895,2019-06-12,299,31,802,906,41576,0
896,2018-09-17,299,14,811,907,43145,0
897,2023-06-03,299,40,804,900,50228,0
898,2019-11-23,300,30,806,905,48313,0
899,2021-10-16,300,21,809,902,52743,0
900,2020-04-12,301,29,812,906,66959,0
901,2019-07-05,301,18,806,906,68348,0
902,2021-06-03,301,32,800,904,73201,0
903,2018-08-18,301,22,806,903,81194,0
904,2021-04-15,302,24,809,904,62820,0
905,2021-04-08,303,14,811,903,46901,0
906,2019-06-16,303,33,804,900,48137,0
907,2020-09-28,303,26,801,906,54345,0
908,2018-06-11,304,11,807,908,41035,0
909,2022-03-25,304,39,802,907,44154,0
910,2024-09-08,304,26,808,903,43887,0
911,2024-08-18,304,22,804,903,55723,0
912,2020-10-30,304,35,800,903,54427,0
913,2019-08-25,305,28,801,906,40629,0
914,2021-01-05,306,22,808,903,46733,0
915,2021-07-26,307,33,807,908,63685,0
916,2019-09-09,308,30,804,902,40835,0
917,2023-12-17,308,40,804,902,45317,0
918,2019-10-16,308,26,802,905,48969,0
919,2018-07-13,308,36,809,900,47348,1
920,2022-10-08,309,14,809,904,57172,0
921,2021-11-26,309,33,807,900,60439,0
922,2020-03-27,309,24,800,907,65730,0
923,2018-04-27,309,37,808,906,67927,0
924,2021-11-02,310,16,811,902,31833,0
925,2020-07-05,311,32,803,905,50035,0
926,2023-12-01,312,23,800,903,61431,0
927,2022-05-04,312,40,811,903,65806,0
928,2021-01-22,312,27,809,907,64893,0
929,2018-09-15,312,25,805,906,72510,0
930,2019-01-13,312,10,800,903,81279,0
931,2020-07-07,313,34,806,900,53640,0
932,2021-05-21,313,18,811,907,57655,0
933,2023-01-12,313,29,806,901,61132,0
934,2023-08-22,314,13,807,903,62464,0
935,2019-05-14,315,31,811,901,44642,0
936,2024-08-17,315,10,809,907,47498,0
937,2020-11-11,315,11,807,904,50320,0
938,2022-11-07,315,37,806,905,56624,0
939,2021-10-10,315,17,811,907,58434,0
940,2022-02-18,316,31,809,902,44309,0
941,2021-04-27,316,26,809,904,45970,0
942,2022-11-12,316,38,809,907,52987,0
943,2018-06-21,316,34,805,906,49667,0
944,2022-01-27,317,10,803,903,41914,0
945,2022-07-24,317,23,807,900,45744,0
946,2023-03-27,317,36,802,906,48826,0
947,2018-09-05,317,34,800,900,46837,0
948,2021-04-08,317,10,808,903,52594,0
949,2021-11-21,318,23,800,905,49401,0
950,2024-02-24,318,23,802,902,50416,0
951,2022-03-14,318,17,800,900,56265,0
952,2019-01-22,318,14,812,901,60711,0
953,2024-09-19,319,34,801,904,57470,0
954,2019-03-04,320,32,805,901,47141,1
955,2019-07-06,321,14,800,903,54828,0
956,2018-02-02,321,14,803,908,59022,0
957,2020-07-21,321,40,812,903,64040,0
958,2021-05-26,322,33,800,908,32844,0
959,2018-04-23,323,11,812,902,58945,0
960,2022-04-28,324,21,808,904,37794,0
961,2024-08-30,325,23,811,907,70070,0
962,2020-01-13,325,29,807,903,75061,0
963,2018-10-11,325,25,803,903,77200,0
964,2019-07-07,325,27,811,908,83393,0
965,2020-06-10,326,22,804,902,29263,0
966,2023-12-27,326,16,811,908,33838,0
967,2022-02-21,326,23,802,904,33501,0
968,2021-11-06,326,29,810,906,43240,0
969,2019-11-10,327,10,800,906,39959,0
970,2019-04-17,328,15,805,906,69628,0
971,2021-10-21,328,29,805,900,72049,0
972,2023-01-04,328,35,805,905,77348,0
973,2024-09-27,328,30,812,904,81298,0
974,2022-02-20,329,14,805,903,35032,0
975,2022-10-05,330,33,801,902,30906,0
976,2019-06-22,330,35,800,903,35309,0
977,2018-04-12,330,25,804,901,39886,0
978,2019-05-01,331,23,809,900,59510,0
979,2018-03-23,331,31,807,905,62075,0
980,2023-01-02,331,39,803,904,68664,0
981,2020-03-22,331,23,802,903,72197,0
982,2023-07-16,332,28,806,904,51004,0
983,2021-10-06,332,37,810,902,53518,0
984,2021-10-18,332,33,804,904,54676,0
985,2019-09-26,333,38,805,901,36967,0
986,2020-08-09,333,26,800,901,38973,0
987,2021-07-10,333,26,802,905,44053,0
988,2019-11-02,334,31,808,900,44261,0
989,2023-10-19,334,30,811,903,49147,0
990,2023-05-12,334,14,808,904,53969,0
991,2019-08-09,335,11,800,901,45201,0
992,2024-11-01,336,17,802,905,60990,0
993,2018-04-07,336,29,807,902,64861,0
994,2024-09-27,336,34,804,907,64778,0
995,2021-03-20,336,21,805,900,71250,0
996,2022-08-20,337,28,810,908,72840,0
997,2020-12-07,337,15,801,900,76574,0
998,2018-07-04,337,26,808,905,77736,0
999,2019-03-03,337,26,804,903,79872,0
1000,2021-12-14,338,28,805,908,29249,0
1001,2018-05-14,338,16,810,907,31187,0
1002,2018-02-18,339,28,812,900,62252,0
1003,2024-04-25,339,18,803,905,66024,0
1004,2019-10-19,339,37,807,902,66052,0
1005,2020-08-24,339,11,807,901,72287,0
1006,2023-12-24,340,15,811,900,59030,0
1007,2020-10-16,340,10,804,901,63241,0
1008,2024-02-14,340,14,802,903,63588,0
1009,2019-05-06,341,11,806,906,49791,0
1010,2018-05-05,341,31,804,905,53712,0
1011,2019-05-12,341,13,809,901,54283,0
1012,2023-06-30,341,35,812,903,62967,0
1013,2021-02-05,341,40,811,900,58203,0
1014,2019-04-24,342,21,806,901,32944,0
1015,2019-10-29,342,10,812,901,37391,0
1016,2022-10-13,342,29,800,908,41936,0
1017,2023-09-02,342,33,812,902,37501,0
1018,2024-05-10,343,22,806,906,44982,0
1019,2019-02-23,343,38,801,908,48066,0
1020,2018-09-29,344,31,808,906,61737,0
1021,2020-11-28,344,12,803,908,63657,0
1022,2018-01-31,344,18,800,908,64617,0
1023,2020-08-13,344,16,809,907,72891,0
1024,2022-01-12,344,21,810,901,68513,0
1025,2020-12-14,345,32,805,902,62869,0
1026,2021-03-29,345,22,803,907,64092,0
1027,2020-05-09,346,14,808,905,59607,0
1028,2018-04-23,347,24,802,907,37762,0
1029,2018-05-02,347,38,808,906,39081,0
1030,2023-10-25,347,24,804,906,47010,0
1031,2018-08-13,348,20,807,901,43912,0
1032,2022-03-09,348,30,805,907,48364,0
1033,2019-03-04,349,16,809,900,64936,0
1034,2019-08-06,349,16,804,902,68258,0
1035,2024-09-13,349,30,802,904,69134,1
1036,2022-09-14,350,11,811,902,74467,0
1037,2023-10-01,350,27,806,908,78598,0
1038,2021-05-13,351,21,800,901,31482,0
1039,2019-05-30,351,13,803,906,35945,0
1040,2019-01-12,352,32,810,901,67744,0
1041,2024-07-25,352,40,812,902,70964,0
1042,2024-01-01,352,25,807,905,74556,0
1043,2024-08-12,353,28,810,904,50607,0
1044,2022-09-20,353,40,800,905,53609,0
1045,2020-07-01,353,34,812,901,55851,0
1046,2019-02-19,353,36,808,908,58260,0
1047,2022-02-21,354,17,805,906,33060,0
1048,2022-11-07,354,28,800,907,34097,0
1049,2019-10-28,354,19,803,904,40148,0
1050,2020-03-30,355,19,805,903,35621,0
1051,2022-12-29,355,31,812,901,37860,0
1052,2024-03-09,355,40,811,906,43129,0
1053,2021-08-13,356,29,802,908,38575,0
1054,2021-09-19,356,24,808,903,40768,0
1055,2024-10-17,356,16,812,901,42689,0
1056,2019-11-26,357,23,807,906,44923,0
1057,2024-01-18,357,31,803,905,49507,0
1058,2021-05-07,357,12,812,902,52449,0
1059,2018-01-11,358,34,801,904,55719,0
1060,2024-04-27,358,32,803,902,60319,0
1061,2018-02-04,358,24,812,904,57915,0
1062,2023-06-21,359,36,806,902,54642,0
1063,2020-06-29,359,35,812,904,57417,0
1064,2024-06-23,360,12,801,906,44409,0
1065,2022-03-29,360,40,811,907,45959,0
1066,2018-11-30,360,28,810,903,47265,0
1067,2019-10-09,360,22,808,903,52059,1
1068,2018-07-21,361,20,807,907,67370,0
1069,2021-05-31,361,28,803,908,68398,0
1070,2018-11-08,361,37,812,903,70500,0
1071,2019-07-15,361,17,804,906,79832,0
1072,2022-03-16,361,16,812,902,86954,0
1073,2023-10-01,362,40,805,901,42831,0
1074,2024-06-13,362,33,811,906,43946,0
1075,2018-03-05,362,37,801,908,48407,0
1076,2024-05-16,362,25,809,902,51306,1
1077,2023-04-19,363,28,808,907,53189,0
1078,2023-12-01,363,11,812,906,58060,0
1079,2023-02-05,364,12,802,905,36248,0
1080,2021-12-06,364,32,802,905,40860,0
1081,2022-11-11,364,36,806,906,40844,0
1082,2018-09-26,364,40,801,905,40958,0
1083,2018-08-12,364,14,811,900,48176,0
1084,2020-09-20,365,29,808,907,42006,0
1085,2018-03-19,365,10,811,908,43159,0
1086,2024-07-07,365,33,800,907,50458,0
1087,2021-01-04,366,13,810,907,29003,0
1088,2022-03-31,366,14,809,902,30885,0
1089,2021-04-21,366,23,800,907,37207,0
1090,2022-01-12,367,31,810,904,43801,0
1091,2021-12-06,367,13,802,900,46127,0
1092,2019-11-10,367,20,802,906,51637,1
1093,2019-04-02,368,14,803,904,49557,0
1094,2019-11-21,368,32,801,901,52540,0
1095,2021-10-07,368,23,800,905,54063,0
1096,2023-04-12,368,25,800,902,64509,0
1097,2022-01-07,368,20,801,908,59677,0
1098,2019-07-29,369,23,810,900,37347,0
1099,2019-02-04,369,10,806,906,40821,0
1100,2021-05-26,369,14,805,901,39737,0
1101,2020-05-02,369,20,803,903,45153,0
1102,2020-03-27,369,37,800,901,55535,0
1103,2020-01-09,370,25,801,900,42592,0
1104,2024-06-12,370,20,800,901,47170,0
1105,2021-09-14,370,11,806,905,45518,0
1106,2020-10-11,370,16,812,903,51598,0
1107,2020-04-20,371,14,808,905,42951,0
1108,2021-08-20,372,33,804,905,72808,0
1109,2020-11-25,372,18,800,908,77513,0
1110,2018-08-26,372,15,803,901,82218,0
1111,2018-07-12,372,17,807,905,85180,0
1112,2019-09-20,373,27,812,900,67929,0
1113,2022-10-14,373,13,801,907,70764,0
1114,2020-02-25,373,37,805,900,74555,0
1115,2019-03-29,373,24,802,908,80229,0
1116,2021-06-06,373,33,801,908,86069,0
1117,2022-10-31,374,15,806,900,50562,0
1118,2021-02-21,375,14,808,903,50867,0
1119,2021-01-04,375,20,800,904,53721,0
1120,2018-01-14,375,27,810,901,57119,0
1121,2018-06-13,375,26,805,908,62324,0
1122,2022-07-09,375,23,812,902,66015,0
1123,2019-09-29,376,24,804,901,49341,0
1124,2019-04-17,376,35,810,904,53086,0
1125,2024-08-24,376,26,802,902,58435,0
1126,2022-12-16,376,20,806,901,58176,0
1127,2020-11-26,377,30,806,902,36550,0
1128,2024-01-22,377,28,812,903,38620,0
1129,2021-06-22,378,13,812,900,63310,0
1130,2023-07-08,378,19,801,901,66282,0
1131,2023-02-26,378,11,808,903,67152,0
1132,2022-08-31,378,37,802,903,78025,0
1133,2023-06-24,379,40,804,900,73136,0
1134,2024-05-08,380,23,801,907,64520,0
1135,2020-11-24,381,39,806,905,49988,0
1136,2022-12-22,381,40,809,902,54269,0
1137,2024-06-09,381,38,805,905,56184,0
1138,2023-06-17,382,27,806,903,45011,1
1139,2023-02-17,383,38,804,900,41100,1
1140,2024-01-04,384,16,801,906,56299,0
1141,2019-12-28,384,18,807,904,60788,0
1142,2023-05-22,384,21,804,906,60479,0
1143,2020-04-14,384,24,801,906,62296,0
1144,2024-08-16,384,16,803,908,62887,0
1145,2023-10-22,385,33,800,908,71322,0
1146,2019-05-01,385,30,810,907,72669,0
1147,2019-03-10,385,15,807,904,77520,0
1148,2019-04-28,385,15,805,902,83472,0
1149,2021-04-07,386,24,801,903,29276,0
1150,2023-03-05,386,32,806,903,30543,0
1151,2021-04-04,386,33,801,903,33900,0
1152,2023-04-02,386,38,812,900,41990,0
1153,2023-06-24,387,28,809,901,53527,0
1154,2022-10-27,387,33,810,903,55132,0
1155,2023-09-02,387,13,809,906,60819,0
1156,2019-07-08,387,34,805,908,67792,0
1157,2021-10-15,388,27,812,905,63294,0
1158,2020-03-18,388,12,801,903,66478,0
1159,2023-12-27,388,31,809,900,70564,0
1160,2018-05-22,388,13,812,902,72318,0
1161,2022-02-11,389,11,802,908,37525,0
1162,2021-02-17,389,28,806,901,39404,0
1163,2020-08-02,389,25,808,901,44315,0
1164,2020-11-14,389,19,808,903,49438,0
1165,2019-08-22,389,33,805,903,42577,0
1166,2019-12-22,390,29,803,906,59582,0
1167,2024-08-08,390,32,800,907,61005,0
1168,2021-10-28,390,19,801,900,62466,0
1169,2019-05-07,391,28,804,908,28619,0
1170,2020-09-12,391,32,802,904,30532,0
1171,2020-09-10,391,24,808,902,36287,0
1172,2023-07-06,391,25,805,905,39035,0
1173,2020-12-03,391,35,806,905,37799,0
1174,2019-06-12,392,12,801,902,41061,0
1175,2019-06-28,392,31,807,907,42525,0
1176,2020-05-10,392,30,803,906,43481,0
1177,2018-05-19,392,16,804,900,47271,0
1178,2021-01-14,393,24,812,901,69301,0
1179,2018-06-16,393,18,802,904,70414,0
1180,2020-08-11,393,26,806,904,74645,0
1181,2021-04-30,393,34,809,907,84286,0
1182,2019-08-02,393,36,803,900,86053,0
1183,2019-04-14,394,10,812,908,44093,0
1184,2023-12-17,394,24,805,902,45344,0
1185,2019-11-10,394,16,801,903,50287,0
1186,2022-06-30,394,27,808,903,58667,0
1187,2020-11-09,395,18,809,903,42175,0
1188,2024-06-11,395,11,802,902,47083,0
1189,2019-10-26,395,27,800,906,51187,0
1190,2020-11-08,395,31,809,905,50668,0
1191,2018-12-26,396,14,810,904,42139,0
1192,2023-11-26,396,38,802,903,45028,0
1193,2020-08-12,397,39,802,900,61721,0
1194,2018-07-15,397,12,807,904,64181,0
1195,2020-05-30,397,13,802,904,71143,0
1196,2024-07-31,397,18,812,904,71738,0
1197,2023-05-17,397,35,805,905,73049,0
1198,2023-10-18,398,37,805,901,39683,0
1199,2019-04-11,398,26,807,907,44070,0
1200,2020-08-08,398,26,801,905,42049,0
1201,2019-06-29,398,28,806,900,46379,0
1202,2021-12-05,398,37,800,908,47903,0
1203,2024-09-21,399,12,802,901,67283,0
1204,2024-02-22,399,29,811,902,70884,0
1205,2021-10-08,400,27,800,901,37119,0
1206,2024-10-11,400,17,811,906,41429,0
